[
  {
    "value": "Deliver the pizza",
    "synonyms": [
      "Deliver the pizza"
    ]
  },
  {
    "value": "Wait for taxi",
    "synonyms": [
      "Wait for taxi"
    ]
  },
  {
    "value": "Conference or workshop visit",
    "synonyms": [
      "Conference or workshop visit"
    ]
  },
  {
    "value": "Price inquiry",
    "synonyms": [
      "Price inquiry"
    ]
  },
  {
    "value": "Eat the pizza",
    "synonyms": [
      "Eat the pizza"
    ]
  },
  {
    "value": "Select a pizza",
    "synonyms": [
      "Select a pizza"
    ]
  },
  {
    "value": "Call a taxi to send the pizza with",
    "synonyms": [
      "Call a taxi to send the pizza with"
    ]
  },
  {
    "value": "Pay the pizza",
    "synonyms": [
      "Pay the pizza"
    ]
  },
  {
    "value": "dummyTask",
    "synonyms": [
      "dummyTask"
    ]
  },
  {
    "value": "Travel type",
    "synonyms": [
      "Travel type"
    ]
  },
  {
    "value": "Calm customer",
    "synonyms": [
      "Calm customer"
    ]
  },
  {
    "value": "Bake the pizza",
    "synonyms": [
      "Bake the pizza"
    ]
  },
  {
    "value": "Trip for project acquisition",
    "synonyms": [
      "Trip for project acquisition"
    ]
  },
  {
    "value": "Receive payment",
    "synonyms": [
      "Receive payment"
    ]
  },
  {
    "value": "Order a pizza",
    "synonyms": [
      "Order a pizza"
    ]
  },
  {
    "value": "Ask for the pizza",
    "synonyms": [
      "Ask for the pizza"
    ]
  },
  {
    "value": "Enter contact data",
    "synonyms": [
      "Enter contact data"
    ]
  },
  {
    "value": "Enter name",
    "synonyms": [
      "Enter name"
    ]
  }
]