[
  {
    "id": "d7a12c00-03c3-4a0f-a385-8f6f2329398f",
    "data": [
      {
        "text": "what is the processbot?",
        "userDefined": false
      }
    ],
    "isTemplate": false,
    "count": 0,
    "updated": 0
  },
  {
    "id": "37aba0cc-f749-4c5d-a9e0-82c671a07094",
    "data": [
      {
        "text": "what is this?",
        "userDefined": false
      }
    ],
    "isTemplate": false,
    "count": 0,
    "updated": 0
  },
  {
    "id": "f669d17c-5c5f-4505-9923-5ce3797d4d25",
    "data": [
      {
        "text": "how can I use the chatbot?",
        "userDefined": false
      }
    ],
    "isTemplate": false,
    "count": 0,
    "updated": 0
  },
  {
    "id": "2c029ea9-c1cf-4a69-a29a-fb62763abc17",
    "data": [
      {
        "text": "how can I use it?",
        "userDefined": false
      }
    ],
    "isTemplate": false,
    "count": 0,
    "updated": 0
  },
  {
    "id": "24267538-2293-4420-b0f0-8f65edbf78c5",
    "data": [
      {
        "text": "which commands are there?",
        "userDefined": false
      }
    ],
    "isTemplate": false,
    "count": 0,
    "updated": 0
  },
  {
    "id": "ea150ac9-ceca-45e0-86ee-60ed94a3e179",
    "data": [
      {
        "text": "what can I do?",
        "userDefined": false
      }
    ],
    "isTemplate": false,
    "count": 0,
    "updated": 0
  },
  {
    "id": "1876b047-8e74-4c4e-836b-d731da3c0624",
    "data": [
      {
        "text": "Help",
        "userDefined": false
      }
    ],
    "isTemplate": false,
    "count": 0,
    "updated": 0
  }
]