[
  {
    "id": "2fe0c1ab-0ecf-4443-a972-2b44f80535cb",
    "data": [
      {
        "text": "which processes?",
        "userDefined": false
      }
    ],
    "isTemplate": false,
    "count": 0,
    "updated": 0
  },
  {
    "id": "0a78f335-d103-4d2b-a4d2-87e16cc273b3",
    "data": [
      {
        "text": "what processes are there?",
        "userDefined": false
      }
    ],
    "isTemplate": false,
    "count": 0,
    "updated": 0
  },
  {
    "id": "7aaa991a-aa10-4a58-b452-7b0d5f42dd7e",
    "data": [
      {
        "text": "which processes are there?",
        "userDefined": false
      }
    ],
    "isTemplate": false,
    "count": 0,
    "updated": 0
  },
  {
    "id": "3fa369d2-c140-448d-8ade-6e8acb513899",
    "data": [
      {
        "text": "what processes exist?",
        "userDefined": false
      }
    ],
    "isTemplate": false,
    "count": 0,
    "updated": 0
  }
]