[
  {
    "id": "5bc26aa0-51d6-4ce8-a0b0-e96957a494ad",
    "data": [
      {
        "text": "show",
        "userDefined": false
      }
    ],
    "isTemplate": false,
    "count": 0,
    "updated": 0
  },
  {
    "id": "384f6b0a-2ca7-4a57-aee0-5d5c1be66e02",
    "data": [
      {
        "text": "display",
        "userDefined": false
      }
    ],
    "isTemplate": false,
    "count": 0,
    "updated": 0
  },
  {
    "id": "7757318b-120e-43b4-a5db-c9b7db7cac71",
    "data": [
      {
        "text": "display model",
        "userDefined": false
      }
    ],
    "isTemplate": false,
    "count": 0,
    "updated": 0
  },
  {
    "id": "f256ff05-7972-4880-9eed-16598391c561",
    "data": [
      {
        "text": "show process model ",
        "userDefined": false
      },
      {
        "text": "Reisekosten",
        "alias": "process_name_parameter",
        "meta": "@process_name_entity",
        "userDefined": false
      }
    ],
    "isTemplate": false,
    "count": 0,
    "updated": 0
  },
  {
    "id": "0f5f25b3-da75-44fd-98fd-327f18613394",
    "data": [
      {
        "text": "show process model",
        "userDefined": false
      }
    ],
    "isTemplate": false,
    "count": 0,
    "updated": 0
  },
  {
    "id": "bd89bd4b-4e93-49a5-b09b-e64f15ab775d",
    "data": [
      {
        "text": "view model ",
        "userDefined": false
      },
      {
        "text": "Reisekosten",
        "alias": "process_name_parameter",
        "meta": "@process_name_entity",
        "userDefined": false
      }
    ],
    "isTemplate": false,
    "count": 0,
    "updated": 0
  },
  {
    "id": "a7153506-253d-40b8-9858-b7668d9c16ad",
    "data": [
      {
        "text": "depict ",
        "userDefined": false
      },
      {
        "text": "Reisekosten",
        "alias": "process_name_parameter",
        "meta": "@process_name_entity",
        "userDefined": false
      }
    ],
    "isTemplate": false,
    "count": 0,
    "updated": 0
  },
  {
    "id": "d067f5e5-e46e-4348-b1dc-5344fb1a8a6c",
    "data": [
      {
        "text": "display model ",
        "userDefined": false
      },
      {
        "text": "Reisekosten",
        "alias": "process_name_parameter",
        "meta": "@process_name_entity",
        "userDefined": false
      }
    ],
    "isTemplate": false,
    "count": 0,
    "updated": 0
  },
  {
    "id": "69f3831b-0966-4691-87f2-c872b3f25878",
    "data": [
      {
        "text": "show ",
        "userDefined": false
      },
      {
        "text": "Reisekosten",
        "alias": "process_name_parameter",
        "meta": "@process_name_entity",
        "userDefined": false
      }
    ],
    "isTemplate": false,
    "count": 0,
    "updated": 0
  },
  {
    "id": "438f32bb-8f4f-4149-914f-358ca67fddea",
    "data": [
      {
        "text": "show process ",
        "userDefined": false
      },
      {
        "text": "Reisekosten",
        "alias": "process_name_parameter",
        "meta": "@process_name_entity",
        "userDefined": false
      }
    ],
    "isTemplate": false,
    "count": 0,
    "updated": 0
  },
  {
    "id": "84ba664d-9f88-4e48-a201-c8b5856148a5",
    "data": [
      {
        "text": "show model of process ",
        "userDefined": false
      },
      {
        "text": "Reisekosten",
        "alias": "process_name_parameter",
        "meta": "@process_name_entity",
        "userDefined": false
      }
    ],
    "isTemplate": false,
    "count": 0,
    "updated": 0
  }
]