[
  {
    "id": "415a33f9-e365-44bc-8e91-a7fa43dcedf1",
    "data": [
      {
        "text": "execute ",
        "userDefined": false
      },
      {
        "text": "DummyProcess",
        "alias": "process_name_parameter",
        "meta": "@process_name_entity",
        "userDefined": false
      }
    ],
    "isTemplate": false,
    "count": 0,
    "updated": 0
  },
  {
    "id": "33147301-eb26-4c8d-a843-6da91bd393be",
    "data": [
      {
        "text": "run ",
        "userDefined": false
      },
      {
        "text": "DummyProcess",
        "alias": "process_name_parameter",
        "meta": "@process_name_entity",
        "userDefined": false
      }
    ],
    "isTemplate": false,
    "count": 0,
    "updated": 0
  },
  {
    "id": "1a53bd59-3037-40bb-a095-f7b3f6f4b367",
    "data": [
      {
        "text": "start ",
        "userDefined": false
      },
      {
        "text": "DummyProcess",
        "alias": "process_name_parameter",
        "meta": "@process_name_entity",
        "userDefined": false
      }
    ],
    "isTemplate": false,
    "count": 0,
    "updated": 0
  },
  {
    "id": "7ba0c8ec-0a68-47eb-a237-73c728b3bfe8",
    "data": [
      {
        "text": "execute process ",
        "userDefined": false
      },
      {
        "text": "DummyProcess",
        "alias": "process_name_parameter",
        "meta": "@process_name_entity",
        "userDefined": true
      }
    ],
    "isTemplate": false,
    "count": 0,
    "updated": 0
  },
  {
    "id": "d654b4ef-84eb-41d3-9dfe-f7f6a086c935",
    "data": [
      {
        "text": "start process",
        "userDefined": false
      }
    ],
    "isTemplate": false,
    "count": 0,
    "updated": 0
  },
  {
    "id": "1eed9869-2108-433f-9c48-8568db06a87e",
    "data": [
      {
        "text": "execute process",
        "userDefined": false
      }
    ],
    "isTemplate": false,
    "count": 0,
    "updated": 0
  },
  {
    "id": "443609a4-eb74-4d4b-9e3f-3459cbd61c27",
    "data": [
      {
        "text": "start process ",
        "userDefined": false
      },
      {
        "text": "DummyProcess",
        "alias": "process_name_parameter",
        "meta": "@process_name_entity",
        "userDefined": true
      }
    ],
    "isTemplate": false,
    "count": 0,
    "updated": 0
  },
  {
    "id": "4ad5df40-7f88-4e63-a89c-2c43682b9e5f",
    "data": [
      {
        "text": "run process ",
        "userDefined": false
      },
      {
        "text": "DummyProcess",
        "alias": "process_name_parameter",
        "meta": "@process_name_entity",
        "userDefined": false
      }
    ],
    "isTemplate": false,
    "count": 0,
    "updated": 0
  },
  {
    "id": "66b19321-18b6-4468-b220-14cfeeef8869",
    "data": [
      {
        "text": "run process",
        "userDefined": false
      }
    ],
    "isTemplate": false,
    "count": 0,
    "updated": 0
  }
]